arm,dt_s,accuracy,kp,kd,k,slide_speed,n_worlds,unstable,wall_s_per_sim_s,exhausted_frac,pen_box_mean_over_static,pen_box_max_m,pen_tip_mean_over_static,pen_tip_max_m,chatter_vz_rms_m_s,box_lift_max_m,box_pitch_rate_rms,tip_over_box_frac,rel_vx_rms_m_s,track_rms_m,box_displacement_m,box_displacement_commanded_m
icf,0.01,,100.0,6.324555320336759,100000.0,0.3,1,False,0.058028936498509404,0.0,1.0000916719436646,2.5656074285507202e-05,0.7417591214179993,8.03917646408081e-05,1.6980841337499442e-06,-2.4393200874328613e-05,0.0023872076999396086,0.0,0.000128272469737567,0.07460976392030716,0.23485486209392548,0.27999999999999997
icf,0.005,,100.0,6.324555320336759,100000.0,0.3,1,False,0.07510520003992936,0.0,1.000262975692749,2.689659595489502e-05,0.7413211464881897,0.00014832615852355957,3.2524480957363266e-06,-2.4441629648208618e-05,0.001153613906353712,0.0,0.00014402142551261932,0.0739426463842392,0.23522110283374786,0.27999999999999997
icf,0.002,,100.0,6.324555320336759,100000.0,0.3,1,False,0.12041932309110617,0.0,1.0001612901687622,2.5372952222824097e-05,0.7366354465484619,0.00014083832502365112,1.0473094334884081e-05,-2.4475157260894775e-05,0.005915935151278973,0.0,0.00023679200967308134,0.07351953536272049,0.23545397818088531,0.27999999999999997
icf,0.001,,100.0,6.324555320336759,100000.0,0.3,1,False,0.190364265220304,0.0,0.9998956918716431,2.5037676095962524e-05,0.7346684336662292,0.00012978911399841309,2.9341612389544025e-05,-2.4404376745224e-05,0.009477067738771439,0.0,0.00032113154884427786,0.07338850945234299,0.23551343381404877,0.27999999999999997
icf-adaptive,,0.1,100.0,6.324555320336759,100000.0,0.3,1,False,0.10091762789043374,0.0,1.0000733137130737,2.5622546672821045e-05,0.7408488988876343,0.0001485981047153473,1.9689944110723445e-06,-2.444535493850708e-05,0.0017186143668368459,0.0,0.0001428786345059052,0.0739334225654602,0.2352258414030075,0.27999999999999997
icf-adaptive,,0.01,100.0,6.324555320336759,100000.0,0.3,1,False,0.1048910055020503,0.0,1.0000602006912231,2.5622546672821045e-05,0.7408696413040161,0.00014878064393997192,1.9034728211408947e-06,-2.444535493850708e-05,0.0017647150671109557,0.0,0.00014291245315689594,0.07393424212932587,0.23522482812404633,0.27999999999999997
icf-adaptive,,0.001,100.0,6.324555320336759,100000.0,0.3,1,False,0.10395711833803818,0.0,1.000058650970459,2.5622546672821045e-05,0.7408236265182495,0.0001481957733631134,1.8453532675266615e-06,-2.444535493850708e-05,0.0017654715338721871,0.0,0.0001428075775038451,0.07393400371074677,0.2352258712053299,0.27999999999999997
icf-adaptive,,0.0001,100.0,6.324555320336759,100000.0,0.3,1,False,0.10928032823420804,0.0,1.0001341104507446,2.5622546672821045e-05,0.7401362657546997,0.00014732405543327332,2.0489453618210973e-06,-2.4411827325820923e-05,0.004070034250617027,0.0,0.00014252704568207264,0.07389385253190994,0.23527684807777405,0.27999999999999997
mujoco,0.01,,100.0,6.324555320336759,100000.0,0.3,1,False,0.10765361101848299,0.0,5.551767826080322,0.0013031363487243652,5.834262371063232,0.009279221296310425,0.09432553499937057,0.020410064607858658,1.4493194818496704,0.0,0.025691311806440353,0.10156384110450745,0.2469405084848404,0.27999999999999997
mujoco,0.005,,100.0,6.324555320336759,100000.0,0.3,1,False,0.12717605343666571,0.0,1.461381196975708,0.0010066553950309753,3.047321319580078,0.009443417191505432,0.10466182976961136,0.0207049660384655,2.8927125930786133,0.05,0.011982748284935951,0.09997295588254929,0.20829279720783234,0.27999999999999997
mujoco,0.002,,100.0,6.324555320336759,100000.0,0.3,1,False,0.1901134754659544,0.0,0.216167151927948,0.00013643503189086914,2.6891236305236816,0.009289786219596863,0.09384038299322128,0.02069932594895363,2.729098081588745,0.041666666666666664,0.007876520976424217,0.10088855773210526,0.2071811556816101,0.27999999999999997
mujoco,0.001,,100.0,6.324555320336759,100000.0,0.3,1,False,0.2881022886340988,0.0,0.053821008652448654,2.165883779525757e-05,6.496693134307861,0.010129094123840332,0.05682898685336113,0.013598810881376266,0.8826113939285278,0.0,0.008857273496687412,0.10172531753778458,0.2672547399997711,0.27999999999999997
mujoco-adaptive,,0.1,100.0,6.324555320336759,100000.0,0.3,1,False,0.15243842828505,0.0,1.4004100561141968,0.0010064244270324707,3.0473062992095947,0.009443342685699463,0.10466120392084122,0.0207049660384655,2.8927066326141357,0.05,0.011982782743871212,0.09997297078371048,0.2082929164171219,0.27999999999999997
mujoco-adaptive,,0.01,100.0,6.324555320336759,100000.0,0.3,1,False,0.15342922511928042,0.0,1.2677903175354004,0.00044462457299232483,3.493734836578369,0.009709715843200684,0.08275368809700012,0.020699117332696915,2.148573875427246,0.0,0.015436623245477676,0.1014801412820816,0.2246401309967041,0.27999999999999997
mujoco-adaptive,,0.001,100.0,6.324555320336759,100000.0,0.3,1,False,0.17642331036642708,0.0,1.1438528299331665,0.0010846778750419617,4.385191440582275,0.011072546243667603,0.07011035084724426,0.020677533000707626,1.827197551727295,0.0,0.00840474758297205,0.10278099775314331,0.23017877340316772,0.27999999999999997
mujoco-adaptive,,0.0001,100.0,6.324555320336759,100000.0,0.3,1,False,0.3325302944647084,0.0,0.4093034863471985,2.7295202016830444e-05,0.11639813333749771,0.00022513419389724731,0.07119610905647278,0.007600069046020508,0.8595719337463379,0.0,0.008334441110491753,0.10048852860927582,0.1907859444618225,0.27999999999999997
icf,0.01,,1000.0,20.0,100000.0,0.3,1,False,0.05729074967254339,0.0,0.9995762705802917,2.506747841835022e-05,0.5958687663078308,0.00014190003275871277,2.5789572646317538e-06,-2.4314969778060913e-05,0.0030836062505841255,0.0,0.00011071167682530358,0.011291720904409885,0.27810564637184143,0.27999999999999997
icf,0.005,,1000.0,20.0,100000.0,0.3,1,False,0.07228652617476623,0.0,0.9998491406440735,2.6714056730270386e-05,0.5411205291748047,0.00010329112410545349,4.158765477768611e-06,-2.430751919746399e-05,0.005637890659272671,0.0,0.0009737738291732967,0.010664907284080982,0.27859339118003845,0.27999999999999997
icf,0.002,,1000.0,20.0,100000.0,0.3,1,False,0.11819847522239234,0.0,1.0000654458999634,2.539902925491333e-05,0.5112738013267517,0.00021369755268096924,5.908894763706485e-06,-2.4475157260894775e-05,0.005537020042538643,0.0,0.002176585141569376,0.010262399911880493,0.2789096534252167,0.27999999999999997
icf,0.001,,1000.0,20.0,100000.0,0.3,1,False,0.1899967007017855,0.0,0.9996165633201599,2.4609267711639404e-05,0.49854937195777893,0.0002544224262237549,8.824176620692015e-05,-2.3499131202697754e-05,0.005945662502199411,0.0,0.0030709102284163237,0.01015124935656786,0.27902695536613464,0.27999999999999997
icf-adaptive,,0.1,1000.0,20.0,100000.0,0.3,1,False,0.10134340858022715,0.0,0.9996527433395386,2.5622546672821045e-05,0.5406327247619629,0.00010193139314651489,6.615200163651025e-06,-2.4180859327316284e-05,0.005691126454621553,0.0,0.0009870067005977035,0.010665001347661018,0.278592586517334,0.27999999999999997
icf-adaptive,,0.01,1000.0,20.0,100000.0,0.3,1,False,0.10784334206054437,0.0,0.9996505975723267,2.5622546672821045e-05,0.5405290722846985,0.00010193139314651489,6.612328434130177e-06,-2.4180859327316284e-05,0.005690628197044134,0.0,0.0009861169382929802,0.010664600878953934,0.27859267592430115,0.27999999999999997
icf-adaptive,,0.001,1000.0,20.0,100000.0,0.3,1,False,0.10598400415017688,0.0,0.9996542930603027,2.5622546672821045e-05,0.5405495762825012,0.00010193139314651489,6.606058377656154e-06,-2.4180859327316284e-05,0.0056899357587099075,0.0,0.0009859328856691718,0.01066457387059927,0.2785925269126892,0.27999999999999997
icf-adaptive,,0.0001,1000.0,20.0,100000.0,0.3,1,False,0.10660282175602584,0.0,1.0003095865249634,2.5622546672821045e-05,0.5513249039649963,0.0002110116183757782,9.456758562009782e-06,-2.4475157260894775e-05,0.00717132305726409,0.0,0.0009840762941166759,0.010655466467142105,0.2785865068435669,0.27999999999999997
mujoco,0.01,,1000.0,20.0,100000.0,0.3,1,False,0.10495499346469497,0.0,6.278388977050781,0.0031820274889469147,7.6086955070495605,0.004078211262822151,0.14579342305660248,0.00637991726398468,1.886078119277954,0.0,0.06548584997653961,0.012116417288780212,0.27724674344062805,0.27999999999999997
mujoco,0.005,,1000.0,20.0,100000.0,0.3,1,False,0.12383299213352389,0.0,1.0697665214538574,0.0006351061165332794,2.339975118637085,0.00171004980802536,0.10419096797704697,0.00499802827835083,1.129761815071106,0.0,0.08208990097045898,0.012671105563640594,0.27641573548316956,0.27999999999999997
mujoco,0.002,,1000.0,20.0,100000.0,0.3,1,False,0.1887920734087198,0.0,0.12951476871967316,7.852166891098022e-05,0.46202781796455383,0.0006445944309234619,0.09243665635585785,0.0038739442825317383,1.0470889806747437,0.0,0.041965387761592865,0.013151068240404129,0.2772100865840912,0.27999999999999997
mujoco,0.001,,1000.0,20.0,100000.0,0.3,1,False,0.2856710465657043,0.0,0.04576624184846878,2.4616718292236328e-05,0.07312498241662979,0.00013269484043121338,0.07925485819578171,0.002837076783180237,0.8535889387130737,0.0,0.0054342495277523994,0.01365052629262209,0.27925944328308105,0.27999999999999997
mujoco-adaptive,,0.1,1000.0,20.0,100000.0,0.3,1,False,0.1532814441377233,0.0,1.0089038610458374,0.0006350986659526825,2.3398826122283936,0.001710064709186554,0.10419106483459473,0.0049980320036411285,1.129764199256897,0.0,0.08208983391523361,0.012671089731156826,0.2764158546924591,0.27999999999999997
mujoco-adaptive,,0.01,1000.0,20.0,100000.0,0.3,1,False,0.15580967446018396,0.0,1.0373421907424927,0.000729978084564209,1.8752853870391846,0.001619689166545868,0.10420788079500198,0.0049980320036411285,1.0297908782958984,0.0,0.05006092041730881,0.012893530540168285,0.2768697440624237,0.27999999999999997
mujoco-adaptive,,0.001,1000.0,20.0,100000.0,0.3,1,False,0.18547539695583543,0.0,0.8790323138237,0.00047443807125091553,0.7114385366439819,0.00048185884952545166,0.09077534079551697,0.003434024751186371,1.0602141618728638,0.0,0.022161364555358887,0.014186305925250053,0.2764584422111511,0.27999999999999997
mujoco-adaptive,,0.0001,1000.0,20.0,100000.0,0.3,1,False,0.25358529070970315,0.0,0.7060518264770508,0.00011589005589485168,0.30005642771720886,8.779391646385193e-05,0.07437754422426224,0.0027396678924560547,0.9422335624694824,0.0,0.007157548330724239,0.014344947412610054,0.2763758599758148,0.27999999999999997
icf,0.01,,10000.0,63.245553203367585,100000.0,0.3,1,False,0.05666817514354299,0.0,0.9988167881965637,2.5037676095962524e-05,0.6750678420066833,0.00016568228602409363,3.3437568163208198e-06,-2.429261803627014e-05,0.003049073740839958,0.0,1.2286178389331326e-05,0.0022947113029658794,0.27969837188720703,0.27999999999999997
icf,0.005,,10000.0,63.245553203367585,100000.0,0.3,1,False,0.07517505790395984,0.0,0.9987512826919556,2.6538968086242676e-05,0.5259153246879578,0.0001678764820098877,6.351981483021518e-06,-2.4296343326568604e-05,0.001346623175777495,0.0,0.008327209390699863,0.001660008798353374,0.27970466017723083,0.27999999999999997
icf,0.002,,10000.0,63.245553203367585,100000.0,0.3,1,False,0.12413583270370447,0.0,0.9965864419937134,2.544000744819641e-05,0.4243650436401367,0.00014343485236167908,0.00010268700862070546,-2.2571533918380737e-05,0.02433491125702858,0.0,0.020225899294018745,0.0012673026649281383,0.2796769142150879,0.27999999999999997
icf,0.001,,10000.0,63.245553203367585,100000.0,0.3,1,False,0.19019202273017888,0.0,0.9975382089614868,2.5074928998947144e-05,0.4079333543777466,0.0002037622034549713,0.00011881004320457578,-2.4080276489257812e-05,0.014008083380758762,0.0,0.02928704395890236,0.0011378128547221422,0.2796277701854706,0.27999999999999997
icf-adaptive,,0.1,10000.0,63.245553203367585,100000.0,0.3,1,False,0.1056574827766624,0.0,0.9985930919647217,2.5622546672821045e-05,0.5258735418319702,0.00016790255904197693,6.3412539930141065e-06,-2.4285167455673218e-05,0.0012799488613381982,0.0,0.00834167655557394,0.0016600200906395912,0.2797042727470398,0.27999999999999997
icf-adaptive,,0.01,10000.0,63.245553203367585,100000.0,0.3,1,False,0.10748066208807046,0.0,0.9986030459403992,2.5622546672821045e-05,0.5259262919425964,0.00016789138317108154,6.345791007333901e-06,-2.4285167455673218e-05,0.0012805562000721693,0.0,0.008341559208929539,0.001660021604038775,0.2797042429447174,0.27999999999999997
icf-adaptive,,0.001,10000.0,63.245553203367585,100000.0,0.3,1,False,0.10773873133263712,0.0,0.9985957145690918,2.5622546672821045e-05,0.5259326100349426,0.00016789138317108154,6.336362730507972e-06,-2.4285167455673218e-05,0.0012796431547030807,0.0,0.008341485634446144,0.001660025562159717,0.2797042429447174,0.27999999999999997
icf-adaptive,,0.0001,10000.0,63.245553203367585,100000.0,0.3,1,False,0.13298451482992749,0.0,1.0070244073867798,3.4887343645095825e-05,0.4760643243789673,0.00018513575196266174,0.00022802450985182077,-2.4091452360153198e-05,0.012980831786990166,0.0,0.016760237514972687,0.00136425974778831,0.2796815037727356,0.27999999999999997
mujoco,0.01,,10000.0,63.245553203367585,100000.0,0.3,1,False,0.10601538137115281,0.0,8.14917278289795,0.003213129937648773,7.812429904937744,0.003476649522781372,0.142783060669899,0.009092148393392563,3.4312164783477783,0.0,0.140741229057312,0.0013905123341828585,0.2799777686595917,0.27999999999999997
mujoco,0.005,,10000.0,63.245553203367585,100000.0,0.3,1,False,0.12536819381960507,0.0,1.3906744718551636,0.0008917935192584991,2.3608334064483643,0.0015767812728881836,0.10379576683044434,0.004018772393465042,1.9877936840057373,0.0,0.08548401296138763,0.0010085317771881819,0.27995747327804565,0.27999999999999997
mujoco,0.002,,10000.0,63.245553203367585,100000.0,0.3,1,False,0.18947128929069332,0.0,0.10586272925138474,0.00011055171489715576,0.3092867136001587,0.0003554895520210266,0.08319388329982758,0.002802327275276184,1.2066024541854858,0.0,0.05999905243515968,0.0012089865049347281,0.2796629071235657,0.27999999999999997
mujoco,0.001,,10000.0,63.245553203367585,100000.0,0.3,1,False,0.28815059312458696,0.0,0.04317246377468109,9.18656587600708e-06,1.6825053691864014,0.00025875866413116455,0.059279441833496094,0.0022917576134204865,0.6952325105667114,0.0,0.031457558274269104,0.0011573625961318612,0.279601514339447,0.27999999999999997
mujoco-adaptive,,0.1,10000.0,63.245553203367585,100000.0,0.3,1,False,0.15226326136175414,0.0,1.329176902770996,0.0008895620703697205,2.360401153564453,0.0015766918659210205,0.10379520803689957,0.004018805921077728,1.9877583980560303,0.0,0.08548197150230408,0.0010085151297971606,0.2799576222896576,0.27999999999999997
mujoco-adaptive,,0.01,10000.0,63.245553203367585,100000.0,0.3,1,False,0.15649734618912997,0.0,1.0277076959609985,0.0004530809819698334,2.322437286376953,0.0015763882547616959,0.10203348100185394,0.004354838281869888,1.7013145685195923,0.0,0.1076250746846199,0.0009932591347023845,0.27996447682380676,0.27999999999999997
mujoco-adaptive,,0.001,10000.0,63.245553203367585,100000.0,0.3,1,False,0.18906343656046123,0.0,0.8036240339279175,0.0006296485662460327,0.8979639410972595,0.0013073720037937164,0.0835721418261528,0.0026536770164966583,1.0941486358642578,0.0,0.07031020522117615,0.0011736389715224504,0.27993273735046387,0.27999999999999997
mujoco-adaptive,,0.0001,10000.0,63.245553203367585,100000.0,0.3,1,False,0.328430123466613,0.0,0.44427555799484253,3.900378942489624e-05,0.20557138323783875,0.00017029047012329102,0.06326737999916077,0.0016610734164714813,0.7880878448486328,0.0,0.01867459900677204,0.0013214070349931717,0.2799334228038788,0.27999999999999997
icf,0.01,,100000.0,200.0,100000.0,0.3,1,False,0.059901445558101965,0.0,0.9984526634216309,2.50302255153656e-05,0.6756841540336609,0.00024360790848731995,7.356420155701926e-06,-2.3808330297470093e-05,0.002968989312648773,0.0,1.0009181323766825e-06,0.0005977586260996759,0.2799615263938904,0.27999999999999997
icf,0.005,,100000.0,200.0,100000.0,0.3,1,False,0.08089462279117313,0.0,0.9976743459701538,2.6464462280273438e-05,0.2301684468984604,0.00018241629004478455,1.2021941984130535e-05,-2.351030707359314e-05,0.005452040582895279,0.0,0.08284816890954971,0.00014924065908417106,0.2799641489982605,0.27999999999999997
icf,0.002,,100000.0,200.0,100000.0,0.3,1,False,0.12948127888978042,0.0,0.994226336479187,2.6103109121322632e-05,0.23431813716888428,0.00013608857989311218,3.880654912791215e-05,-2.329424023628235e-05,0.0015672786394134164,0.0,0.2022252082824707,0.000141716402140446,0.2799622416496277,0.27999999999999997
icf,0.001,,100000.0,200.0,100000.0,0.3,1,False,0.20573704591791692,0.0,0.993145227432251,2.501159906387329e-05,0.23392581939697266,8.839741349220276e-05,5.494861034094356e-05,-2.3543834686279297e-05,0.0031311989296227694,0.0,0.2689443826675415,0.00024893778027035296,0.27996060252189636,0.27999999999999997
icf-adaptive,,0.1,100000.0,200.0,100000.0,0.3,1,False,0.11060470000615921,0.0,0.9975062012672424,2.5626271963119507e-05,0.23125268518924713,0.0001833401620388031,1.792253715393599e-05,-2.3525208234786987e-05,0.005576125346124172,0.0,0.08284828066825867,0.0001492320589022711,0.27996399998664856,0.27999999999999997
icf-adaptive,,0.01,100000.0,200.0,100000.0,0.3,1,False,0.1107939862614048,0.0,0.9975046515464783,2.5626271963119507e-05,0.23112565279006958,0.0001833401620388031,1.7937225493369624e-05,-2.3525208234786987e-05,0.0055763437412679195,0.0,0.08284860104322433,0.0001492322189733386,0.27996405959129333,0.27999999999999997
icf-adaptive,,0.001,100000.0,200.0,100000.0,0.3,1,False,0.11756180303877797,0.0,0.997501015663147,2.5626271963119507e-05,0.23123592138290405,0.0001833401620388031,1.7893733456730843e-05,-2.3525208234786987e-05,0.005576120223850012,0.0,0.08284828066825867,0.0001492313895141706,0.27996399998664856,0.27999999999999997
icf-adaptive,,0.0001,100000.0,200.0,100000.0,0.3,1,False,0.24003747971086153,0.0,0.9975848197937012,2.745911478996277e-05,0.21481211483478546,9.312480688095093e-05,5.03687588206958e-05,-2.347305417060852e-05,0.0016286446480080485,0.0,0.25525620579719543,0.0002301899075973779,0.27996495366096497,0.27999999999999997
mujoco,0.01,,100000.0,200.0,100000.0,0.3,1,True,0.08096289379393747,0.0,27.110811233520508,0.0009809993207454681,0.0,0.0,,,,,,,1.1484686812668343e-10,0.27999999999999997
mujoco,0.005,,100000.0,200.0,100000.0,0.3,1,True,0.07981275545497393,0.0,2.814950704574585,0.0001850724220275879,0.0,0.0,,,,,,,8.880143257013196e-13,0.27999999999999997
mujoco,0.002,,100000.0,200.0,100000.0,0.3,1,False,0.18773164006014323,0.0,0.09276286512613297,4.267692565917969e-05,0.1275632679462433,0.0005575977265834808,0.10092158615589142,0.009360045194625854,1.7556549310684204,0.0,0.36827221512794495,0.0005482429987750947,0.2799972593784332,0.27999999999999997
mujoco,0.001,,100000.0,200.0,100000.0,0.3,1,False,0.2821604927584272,0.0,0.041278451681137085,0.00016254931688308716,0.0,0.0,0.06795540452003479,0.005461014807224274,1.0867356061935425,0.0,0.3559412658214569,0.0004682360449805856,0.2804592549800873,0.27999999999999997
mujoco-adaptive,,0.1,100000.0,200.0,100000.0,0.3,1,False,0.1668705409874433,0.0,0.7581113576889038,0.0006111450493335724,0.0,0.0,0.7015082836151123,0.19242613017559052,23.934913635253906,0.0,1.824678897857666,0.0009931932436302304,1.593716025352478,0.27999999999999997
mujoco-adaptive,,0.01,100000.0,200.0,100000.0,0.3,1,False,0.171244564498293,0.0,0.5436988472938538,8.064880967140198e-05,0.23752698302268982,0.0013901367783546448,0.17702652513980865,0.02065957710146904,3.7193710803985596,0.0,0.4447547495365143,0.0006443132879212499,0.353268563747406,0.27999999999999997
mujoco-adaptive,,0.001,100000.0,200.0,100000.0,0.3,1,False,0.2353613368428216,0.0,0.5468258857727051,0.000142708420753479,0.19425290822982788,0.000525154173374176,0.09263119846582413,0.005884163081645966,1.2867380380630493,0.0,0.35410696268081665,0.0005729052354581654,0.2799997925758362,0.27999999999999997
mujoco-adaptive,,0.0001,100000.0,200.0,100000.0,0.3,1,False,0.35126781107151306,0.0,0.31300088763237,3.9208680391311646e-05,0.0169051643460989,1.2859702110290527e-05,0.055768340826034546,0.0037766173481941223,0.6013264060020447,0.0,0.3236376941204071,0.00045835087075829506,0.2799997925758362,0.27999999999999997
icf,0.01,,1000000.0,632.4555320336759,100000.0,0.3,1,False,0.057506658907594356,0.0,0.9982327222824097,2.502650022506714e-05,0.6383304595947266,0.00022872164845466614,1.0886142263188958e-05,-2.3234635591506958e-05,0.00290291546843946,0.0,6.44121200821246e-07,0.00017616580589674413,0.2799866199493408,0.27999999999999997
icf,0.005,,1000000.0,632.4555320336759,100000.0,0.3,1,False,0.08119128556151328,0.0,0.9985543489456177,2.6501715183258057e-05,0.19400711357593536,4.495680332183838e-05,4.437621828401461e-05,-2.2813677787780762e-05,0.0011456571519374847,0.0,0.20407649874687195,2.8093547825847054e-06,0.27998682856559753,0.27999999999999997
icf,0.002,,1000000.0,632.4555320336759,100000.0,0.3,1,False,0.13144771520305296,0.0,0.9980263710021973,2.9139220714569092e-05,0.22057008743286133,5.708634853363037e-05,4.7448625991819426e-05,-2.438575029373169e-05,0.001794534269720316,0.0,0.29868024587631226,7.89659043221036e-06,0.27998462319374084,0.27999999999999997
icf,0.001,,1000000.0,632.4555320336759,100000.0,0.3,1,False,0.2053742562741812,0.0,0.9914827346801758,2.506747841835022e-05,0.1601598560810089,3.807246685028076e-05,0.0001612403430044651,-2.068653702735901e-05,0.013402819633483887,0.0,0.35775768756866455,4.132817139179679e-06,0.2799887955188751,0.27999999999999997
icf-adaptive,,0.1,1000000.0,632.4555320336759,100000.0,0.3,1,False,0.10717839452213254,0.0,0.9981787800788879,2.5626271963119507e-05,0.18081139028072357,4.1112303733825684e-05,3.9721111534163356e-05,-2.259388566017151e-05,0.0012851918581873178,0.0,0.2040766030550003,2.7646965463645756e-06,0.2799875736236572,0.27999999999999997
icf-adaptive,,0.01,1000000.0,632.4555320336759,100000.0,0.3,1,False,0.11237735755677368,0.0,0.9981876611709595,2.5626271963119507e-05,0.18059350550174713,4.1112303733825684e-05,3.9737886254442856e-05,-2.259761095046997e-05,0.0012850019847974181,0.0,0.20407705008983612,2.764427335932851e-06,0.2799876034259796,0.27999999999999997
icf-adaptive,,0.001,1000000.0,632.4555320336759,100000.0,0.3,1,False,0.12859060035633116,0.0,1.0003739595413208,2.5626271963119507e-05,0.001864412915892899,2.6520341634750366e-05,3.166233000229113e-05,-2.4478882551193237e-05,0.0016350221121683717,0.0,0.264988511800766,1.1990071470791008e-05,0.2804035246372223,0.27999999999999997
icf-adaptive,,0.0001,1000000.0,632.4555320336759,100000.0,0.3,1,False,0.2849905631215922,0.0,0.9962261319160461,2.5626271963119507e-05,0.1525607854127884,3.4108757972717285e-05,6.424033199436963e-05,-2.1684914827346802e-05,0.011369544081389904,0.0,0.29401296377182007,4.361552782938816e-06,0.279989093542099,0.27999999999999997
mujoco,0.01,,1000000.0,632.4555320336759,100000.0,0.3,1,True,0.08082912343650543,0.0,34.28634262084961,0.0009809993207454681,0.0,0.0,,,,,,,7.966700216188727e-11,0.27999999999999997
mujoco,0.005,,1000000.0,632.4555320336759,100000.0,0.3,1,True,0.08197233377923739,0.0,7.546276092529297,0.0001850724220275879,0.0,0.0,,,,,,,-7.78534441775447e-12,0.27999999999999997
mujoco,0.002,,1000000.0,632.4555320336759,100000.0,0.3,1,True,0.08651790931692412,0.0,0.6434385180473328,1.5780329704284668e-05,0.0,0.0,,,,,,,-7.926034503204227e-13,0.27999999999999997
mujoco,0.001,,1000000.0,632.4555320336759,100000.0,0.3,1,False,0.2829794834592733,0.0,0.03760462626814842,1.634657382965088e-05,0.0,0.0,0.23189902305603027,0.056676361709833145,3.682852029800415,0.0,0.5761595964431763,2.309691444679629e-05,0.4738364815711975,0.27999999999999997
mujoco-adaptive,,0.1,1000000.0,632.4555320336759,100000.0,0.3,1,True,0.07895918619208808,0.0,0.1919986605644226,4.708766937255859e-06,0.0,0.0,,,,,,,-8.865991166055742e-13,0.27999999999999997
mujoco-adaptive,,0.01,1000000.0,632.4555320336759,100000.0,0.3,1,False,0.30349950860093894,0.0,0.1468258649110794,4.1097402572631836e-05,0.0,0.0,0.253614217042923,0.05833948776125908,8.023740768432617,0.0,0.7074708342552185,0.000489982427097857,0.3328024744987488,0.27999999999999997
mujoco-adaptive,,0.001,1000000.0,632.4555320336759,100000.0,0.3,1,False,0.35273784619017406,0.0,0.22930368781089783,0.0002539902925491333,0.0,0.0,0.13056933879852295,0.020701464265584946,4.397787094116211,0.0,0.5135710835456848,7.778030703775585e-05,0.3758971393108368,0.27999999999999997
mujoco-adaptive,,0.0001,1000000.0,632.4555320336759,100000.0,0.3,1,False,0.5246662607031136,0.0,0.13327030837535858,2.008676528930664e-05,0.007686021737754345,0.00010932981967926025,0.09572282433509827,0.010471556335687637,1.9362640380859375,0.0,0.391066312789917,2.100551500916481e-05,0.28080421686172485,0.27999999999999997
