scene,arm,accuracy,dt_s,dt_outer_s,n_worlds,t_s,wall_ms,iters,exhausted_frac
hard-clutter,icf,,0.01,0.1,1,0.2,55.96679192967713,10,0.0
hard-clutter,icf,,0.01,0.1,1,0.30000000000000004,32.51608810387552,10,0.0
hard-clutter,icf,,0.01,0.1,1,0.4,19.275303930044174,10,0.0
hard-clutter,icf,,0.01,0.1,1,0.5,19.493624102324247,10,0.0
hard-clutter,icf,,0.01,0.1,1,0.6000000000000001,34.98782287351787,10,0.0
hard-clutter,icf,,0.01,0.1,1,0.7000000000000001,31.533763045445085,10,0.0
hard-clutter,icf,,0.01,0.1,1,0.8,22.04038412310183,10,0.0
hard-clutter,icf,,0.01,0.1,1,0.9,12.883021961897612,10,0.0
hard-clutter,icf,,0.01,0.1,1,1.0,17.725250916555524,10,0.0
hard-clutter,icf,,0.01,0.1,1,1.1,19.966879161074758,10,0.0
hard-clutter,icf,,0.01,0.1,1,1.2000000000000002,14.610433019697666,10,0.0
hard-clutter,icf,,0.01,0.1,1,1.3,32.07048401236534,10,0.0
hard-clutter,icf,,0.01,0.1,1,1.4000000000000001,17.58826384320855,10,0.0
hard-clutter,icf,,0.01,0.1,1,1.5,20.00168291851878,10,0.0
hard-clutter,icf,,0.01,0.1,1,1.6,17.954708077013493,10,0.0
hard-clutter,icf,,0.01,0.1,1,1.7000000000000002,18.751351861283183,10,0.0
hard-clutter,icf,,0.01,0.1,1,1.8,14.233723981305957,10,0.0
hard-clutter,icf,,0.01,0.1,1,1.9000000000000001,12.192519148811698,10,0.0
hard-clutter,icf,,0.01,0.1,1,2.0,13.594627846032381,10,0.0
hard-clutter,icf,,0.01,0.1,1,2.1,14.485453953966498,10,0.0
hard-clutter,icf,,0.01,0.1,1,2.2,12.196996016427875,10,0.0
hard-clutter,icf,,0.01,0.1,1,2.3000000000000003,16.24947995878756,10,0.0
hard-clutter,icf,,0.01,0.1,1,2.4000000000000004,11.113496962934732,10,0.0
hard-clutter,icf,,0.01,0.1,1,2.5,16.374649945646524,10,0.0
hard-clutter,icf,,0.01,0.1,1,2.6,18.561034929007292,10,0.0
hard-clutter,icf,,0.01,0.1,1,2.7,25.45456402003765,10,0.0
hard-clutter,icf,,0.01,0.1,1,2.8000000000000003,19.86233191564679,10,0.0
hard-clutter,icf,,0.01,0.1,1,2.9000000000000004,16.9084460940212,10,0.0
hard-clutter,icf,,0.01,0.1,1,3.0,12.122964020818472,10,0.0
hard-clutter,icf,,0.01,0.1,1,3.1,14.311261009424925,10,0.0
hard-clutter,icf,,0.01,0.1,1,3.2,11.903811944648623,10,0.0
hard-clutter,icf,,0.01,0.1,1,3.3000000000000003,16.556224087253213,10,0.0
hard-clutter,icf,,0.01,0.1,1,3.4000000000000004,10.07800200022757,10,0.0
hard-clutter,icf,,0.01,0.1,1,3.5,13.492133002728224,10,0.0
hard-clutter,icf,,0.01,0.1,1,3.6,9.725840063765645,10,0.0
hard-clutter,icf,,0.01,0.1,1,3.7,8.435670053586364,10,0.0
hard-clutter,icf,,0.01,0.1,1,3.8000000000000003,9.895947063341737,10,0.0
hard-clutter,icf,,0.01,0.1,1,3.9000000000000004,7.488328963518143,10,0.0
hard-clutter,icf,,0.01,0.1,1,4.0,9.585817810148,10,0.0
hard-clutter,icf,,0.01,0.1,1,4.1000000000000005,7.490452146157622,10,0.0
hard-clutter,icf,,0.01,0.1,1,4.2,8.935346035286784,10,0.0
hard-clutter,icf,,0.01,0.1,1,4.3,8.020612876862288,10,0.0
hard-clutter,icf,,0.01,0.1,1,4.4,9.921676013618708,10,0.0
hard-clutter,icf,,0.01,0.1,1,4.5,9.539308957755566,10,0.0
hard-clutter,icf,,0.01,0.1,1,4.6000000000000005,9.556924924254417,10,0.0
hard-clutter,icf,,0.01,0.1,1,4.7,10.598429013043642,10,0.0
hard-clutter,icf,,0.01,0.1,1,4.800000000000001,9.961726842448115,10,0.0
hard-clutter,icf,,0.01,0.1,1,4.9,9.328309912234545,10,0.0
hard-clutter,icf,,0.001,0.1,1,0.2,143.54763785377145,100,0.0
hard-clutter,icf,,0.001,0.1,1,0.30000000000000004,149.55517905764282,100,0.0
hard-clutter,icf,,0.001,0.1,1,0.4,143.93858914263546,100,0.0
hard-clutter,icf,,0.001,0.1,1,0.5,124.48859098367393,100,0.0
hard-clutter,icf,,0.001,0.1,1,0.6000000000000001,124.58203197456896,100,0.0
hard-clutter,icf,,0.001,0.1,1,0.7000000000000001,123.37657087482512,100,0.0
hard-clutter,icf,,0.001,0.1,1,0.8,121.75237596966326,100,0.0
hard-clutter,icf,,0.001,0.1,1,0.9,108.30419883131981,100,0.0
hard-clutter,icf,,0.001,0.1,1,1.0,102.29006898589432,100,0.0
hard-clutter,icf,,0.001,0.1,1,1.1,107.91073413565755,100,0.0
hard-clutter,icf,,0.001,0.1,1,1.2000000000000002,97.45354880578816,100,0.0
hard-clutter,icf,,0.001,0.1,1,1.3,100.13488098047674,100,0.0
hard-clutter,icf,,0.001,0.1,1,1.4000000000000001,96.01851901970804,100,0.0
hard-clutter,icf,,0.001,0.1,1,1.5,91.94879815913737,100,0.0
hard-clutter,icf,,0.001,0.1,1,1.6,94.1943519283086,100,0.0
hard-clutter,icf,,0.001,0.1,1,1.7000000000000002,90.64440685324371,100,0.0
hard-clutter,icf,,0.001,0.1,1,1.8,97.04512101598084,100,0.0
hard-clutter,icf,,0.001,0.1,1,1.9000000000000001,92.53561496734619,100,0.0
hard-clutter,icf,,0.001,0.1,1,2.0,108.04407601244748,100,0.0
hard-clutter,icf,,0.001,0.1,1,2.1,114.79124403558671,100,0.0
hard-clutter,icf,,0.001,0.1,1,2.2,105.67340208217502,100,0.0
hard-clutter,icf,,0.001,0.1,1,2.3000000000000003,112.94340086169541,100,0.0
hard-clutter,icf,,0.001,0.1,1,2.4000000000000004,97.0694380812347,100,0.0
hard-clutter,icf,,0.001,0.1,1,2.5,82.24364905618131,100,0.0
hard-clutter,icf,,0.001,0.1,1,2.6,87.21586503088474,100,0.0
hard-clutter,icf,,0.001,0.1,1,2.7,89.45902506820858,100,0.0
hard-clutter,icf,,0.001,0.1,1,2.8000000000000003,88.77331810072064,100,0.0
hard-clutter,icf,,0.001,0.1,1,2.9000000000000004,86.24926302582026,100,0.0
hard-clutter,icf,,0.001,0.1,1,3.0,84.47296894155443,100,0.0
hard-clutter,icf,,0.001,0.1,1,3.1,83.06015306152403,100,0.0
hard-clutter,icf,,0.001,0.1,1,3.2,86.84846898540854,100,0.0
hard-clutter,icf,,0.001,0.1,1,3.3000000000000003,85.52231499925256,100,0.0
hard-clutter,icf,,0.001,0.1,1,3.4000000000000004,84.28416308015585,100,0.0
hard-clutter,icf,,0.001,0.1,1,3.5,88.30412896350026,100,0.0
hard-clutter,icf,,0.001,0.1,1,3.6,85.54172399453819,100,0.0
hard-clutter,icf,,0.001,0.1,1,3.7,83.9728731662035,100,0.0
hard-clutter,icf,,0.001,0.1,1,3.8000000000000003,82.85167813301086,100,0.0
hard-clutter,icf,,0.001,0.1,1,3.9000000000000004,85.35955916158855,100,0.0
hard-clutter,icf,,0.001,0.1,1,4.0,85.10741801001132,100,0.0
hard-clutter,icf,,0.001,0.1,1,4.1000000000000005,84.51554295606911,100,0.0
hard-clutter,icf,,0.001,0.1,1,4.2,87.87246700376272,100,0.0
hard-clutter,icf,,0.001,0.1,1,4.3,86.53136994689703,100,0.0
hard-clutter,icf,,0.001,0.1,1,4.4,88.94663001410663,100,0.0
hard-clutter,icf,,0.001,0.1,1,4.5,88.05135800503194,100,0.0
hard-clutter,icf,,0.001,0.1,1,4.6000000000000005,89.91646603681147,100,0.0
hard-clutter,icf,,0.001,0.1,1,4.7,87.76699798181653,100,0.0
hard-clutter,icf,,0.001,0.1,1,4.800000000000001,91.44088090397418,100,0.0
hard-clutter,icf,,0.001,0.1,1,4.9,88.92724080942571,100,0.0
hard-clutter,icf-adaptive,0.01,,0.1,1,0.2,239.7424450609833,58,0.0
hard-clutter,icf-adaptive,0.01,,0.1,1,0.30000000000000004,177.52631707116961,40,0.0
hard-clutter,icf-adaptive,0.01,,0.1,1,0.4,99.6631789021194,29,0.0
hard-clutter,icf-adaptive,0.01,,0.1,1,0.5,102.09492384456098,27,0.0
hard-clutter,icf-adaptive,0.01,,0.1,1,0.6000000000000001,45.49704794771969,13,0.0
hard-clutter,icf-adaptive,0.01,,0.1,1,0.7000000000000001,56.66052084416151,13,0.0
hard-clutter,icf-adaptive,0.01,,0.1,1,0.8,69.76132304407656,14,0.0
hard-clutter,icf-adaptive,0.01,,0.1,1,0.9,52.38887411542237,10,0.0
hard-clutter,icf-adaptive,0.01,,0.1,1,1.0,12.74620508775115,3,0.0
hard-clutter,icf-adaptive,0.01,,0.1,1,1.1,15.36014606244862,3,0.0
hard-clutter,icf-adaptive,0.01,,0.1,1,1.2000000000000002,51.7232280690223,13,0.0
hard-clutter,icf-adaptive,0.01,,0.1,1,1.3,12.616890016943216,3,0.0
hard-clutter,icf-adaptive,0.01,,0.1,1,1.4000000000000001,11.660513933748007,3,0.0
hard-clutter,icf-adaptive,0.01,,0.1,1,1.5,13.339611934497952,3,0.0
hard-clutter,icf-adaptive,0.01,,0.1,1,1.6,8.292083162814379,2,0.0
hard-clutter,icf-adaptive,0.01,,0.1,1,1.7000000000000002,4.768517101183534,1,0.0
hard-clutter,icf-adaptive,0.01,,0.1,1,1.8,4.4755039270967245,1,0.0
hard-clutter,icf-adaptive,0.01,,0.1,1,1.9000000000000001,4.7761190216988325,1,0.0
hard-clutter,icf-adaptive,0.01,,0.1,1,2.0,3.6759860813617706,1,0.0
hard-clutter,icf-adaptive,0.01,,0.1,1,2.1,6.385351996868849,1,0.0
hard-clutter,icf-adaptive,0.01,,0.1,1,2.2,5.329085048288107,1,0.0
hard-clutter,icf-adaptive,0.01,,0.1,1,2.3000000000000003,3.9073361549526453,1,0.0
hard-clutter,icf-adaptive,0.01,,0.1,1,2.4000000000000004,10.330814868211746,3,0.0
hard-clutter,icf-adaptive,0.01,,0.1,1,2.5,42.53318812698126,9,0.0
hard-clutter,icf-adaptive,0.01,,0.1,1,2.6,11.681887088343501,4,0.0
hard-clutter,icf-adaptive,0.01,,0.1,1,2.7,12.669458985328674,3,0.0
hard-clutter,icf-adaptive,0.01,,0.1,1,2.8000000000000003,6.358100101351738,2,0.0
hard-clutter,icf-adaptive,0.01,,0.1,1,2.9000000000000004,3.3112349919974804,1,0.0
hard-clutter,icf-adaptive,0.01,,0.1,1,3.0,3.333378117531538,1,0.0
hard-clutter,icf-adaptive,0.01,,0.1,1,3.1,3.6219439934939146,1,0.0
hard-clutter,icf-adaptive,0.01,,0.1,1,3.2,3.347981022670865,1,0.0
hard-clutter,icf-adaptive,0.01,,0.1,1,3.3000000000000003,2.774624153971672,1,0.0
hard-clutter,icf-adaptive,0.01,,0.1,1,3.4000000000000004,2.770557999610901,1,0.0
hard-clutter,icf-adaptive,0.01,,0.1,1,3.5,3.335090819746256,1,0.0
hard-clutter,icf-adaptive,0.01,,0.1,1,3.6,3.898551920428872,1,0.0
hard-clutter,icf-adaptive,0.01,,0.1,1,3.7,4.489706130698323,1,0.0
hard-clutter,icf-adaptive,0.01,,0.1,1,3.8000000000000003,4.762417869642377,1,0.0
hard-clutter,icf-adaptive,0.01,,0.1,1,3.9000000000000004,4.487563157454133,1,0.0
hard-clutter,icf-adaptive,0.01,,0.1,1,4.0,5.0385750364512205,1,0.0
hard-clutter,icf-adaptive,0.01,,0.1,1,4.1000000000000005,4.471118096262217,1,0.0
hard-clutter,icf-adaptive,0.01,,0.1,1,4.2,2.795265056192875,1,0.0
hard-clutter,icf-adaptive,0.01,,0.1,1,4.3,4.458769923076034,1,0.0
hard-clutter,icf-adaptive,0.01,,0.1,1,4.4,3.6197409499436617,1,0.0
hard-clutter,icf-adaptive,0.01,,0.1,1,4.5,4.185786005109549,1,0.0
hard-clutter,icf-adaptive,0.01,,0.1,1,4.6000000000000005,3.909309161826968,1,0.0
hard-clutter,icf-adaptive,0.01,,0.1,1,4.7,4.7480768989771605,1,0.0
hard-clutter,icf-adaptive,0.01,,0.1,1,4.800000000000001,3.956009168177843,1,0.0
hard-clutter,icf-adaptive,0.01,,0.1,1,4.9,3.980605863034725,1,0.0
hard-clutter,icf-adaptive,0.001,,0.1,1,0.2,584.5820519607514,156,0.0
hard-clutter,icf-adaptive,0.001,,0.1,1,0.30000000000000004,269.61311302147806,69,0.0
hard-clutter,icf-adaptive,0.001,,0.1,1,0.4,399.11780692636967,107,0.0
hard-clutter,icf-adaptive,0.001,,0.1,1,0.5,236.42989806830883,65,0.0
hard-clutter,icf-adaptive,0.001,,0.1,1,0.6000000000000001,145.61318117193878,41,0.0
hard-clutter,icf-adaptive,0.001,,0.1,1,0.7000000000000001,66.52978900820017,17,0.0
hard-clutter,icf-adaptive,0.001,,0.1,1,0.8,88.9783981256187,27,0.0
hard-clutter,icf-adaptive,0.001,,0.1,1,0.9,110.9991220291704,29,0.0
hard-clutter,icf-adaptive,0.001,,0.1,1,1.0,12.121511856094003,4,0.0
hard-clutter,icf-adaptive,0.001,,0.1,1,1.1,13.054652139544487,3,0.0
hard-clutter,icf-adaptive,0.001,,0.1,1,1.2000000000000002,54.22096396796405,13,0.0
hard-clutter,icf-adaptive,0.001,,0.1,1,1.3,21.562510868534446,5,0.0
hard-clutter,icf-adaptive,0.001,,0.1,1,1.4000000000000001,6.869092117995024,2,0.0
hard-clutter,icf-adaptive,0.001,,0.1,1,1.5,35.93175997957587,9,0.0
hard-clutter,icf-adaptive,0.001,,0.1,1,1.6,7.972359890118241,2,0.0
hard-clutter,icf-adaptive,0.001,,0.1,1,1.7000000000000002,39.35098787769675,10,0.0
hard-clutter,icf-adaptive,0.001,,0.1,1,1.8,7.964517921209335,2,0.0
hard-clutter,icf-adaptive,0.001,,0.1,1,1.9000000000000001,21.18999813683331,5,0.0
hard-clutter,icf-adaptive,0.001,,0.1,1,2.0,56.363752810284495,14,0.0
hard-clutter,icf-adaptive,0.001,,0.1,1,2.1,17.18979189172387,5,0.0
hard-clutter,icf-adaptive,0.001,,0.1,1,2.2,6.467205006629229,2,0.0
hard-clutter,icf-adaptive,0.001,,0.1,1,2.3000000000000003,5.912967957556248,2,0.0
hard-clutter,icf-adaptive,0.001,,0.1,1,2.4000000000000004,9.540179977193475,3,0.0
hard-clutter,icf-adaptive,0.001,,0.1,1,2.5,48.58444398269057,15,0.0
hard-clutter,icf-adaptive,0.001,,0.1,1,2.6,8.745257975533605,3,0.0
hard-clutter,icf-adaptive,0.001,,0.1,1,2.7,22.743927082046866,7,0.0
hard-clutter,icf-adaptive,0.001,,0.1,1,2.8000000000000003,5.962152034044266,2,0.0
hard-clutter,icf-adaptive,0.001,,0.1,1,2.9000000000000004,8.638456929475069,3,0.0
hard-clutter,icf-adaptive,0.001,,0.1,1,3.0,10.991662973538041,3,0.0
hard-clutter,icf-adaptive,0.001,,0.1,1,3.1,6.203907076269388,2,0.0
hard-clutter,icf-adaptive,0.001,,0.1,1,3.2,5.642449017614126,2,0.0
hard-clutter,icf-adaptive,0.001,,0.1,1,3.3000000000000003,5.407023010775447,2,0.0
hard-clutter,icf-adaptive,0.001,,0.1,1,3.4000000000000004,6.826907861977816,2,0.0
hard-clutter,icf-adaptive,0.001,,0.1,1,3.5,6.841621128842235,2,0.0
hard-clutter,icf-adaptive,0.001,,0.1,1,3.6,7.970547070726752,2,0.0
hard-clutter,icf-adaptive,0.001,,0.1,1,3.7,5.918885814025998,2,0.0
hard-clutter,icf-adaptive,0.001,,0.1,1,3.8000000000000003,7.3928439524024725,2,0.0
hard-clutter,icf-adaptive,0.001,,0.1,1,3.9000000000000004,6.548878038302064,2,0.0
hard-clutter,icf-adaptive,0.001,,0.1,1,4.0,8.765548933297396,3,0.0
hard-clutter,icf-adaptive,0.001,,0.1,1,4.1000000000000005,19.650792004540563,7,0.0
hard-clutter,icf-adaptive,0.001,,0.1,1,4.2,14.137648977339268,4,0.0
hard-clutter,icf-adaptive,0.001,,0.1,1,4.3,10.862217983230948,3,0.0
hard-clutter,icf-adaptive,0.001,,0.1,1,4.4,9.947615209966898,3,0.0
hard-clutter,icf-adaptive,0.001,,0.1,1,4.5,23.7214551307261,7,0.0
hard-clutter,icf-adaptive,0.001,,0.1,1,4.6000000000000005,17.478748923167586,6,0.0
hard-clutter,icf-adaptive,0.001,,0.1,1,4.7,6.898907944560051,2,0.0
hard-clutter,icf-adaptive,0.001,,0.1,1,4.800000000000001,3.4275909420102835,1,0.0
hard-clutter,icf-adaptive,0.001,,0.1,1,4.9,3.751710057258606,1,0.0
hard-clutter,mujoco,,0.01,0.1,1,0.2,7.340634940192103,10,0.0
hard-clutter,mujoco,,0.01,0.1,1,0.30000000000000004,7.810134906321764,10,0.0
hard-clutter,mujoco,,0.01,0.1,1,0.4,8.670685812830925,10,0.0
hard-clutter,mujoco,,0.01,0.1,1,0.5,8.42927093617618,10,0.0
hard-clutter,mujoco,,0.01,0.1,1,0.6000000000000001,7.108754012733698,10,0.0
hard-clutter,mujoco,,0.01,0.1,1,0.7000000000000001,6.5561889205127954,10,0.0
hard-clutter,mujoco,,0.01,0.1,1,0.8,6.797103211283684,10,0.0
hard-clutter,mujoco,,0.01,0.1,1,0.9,7.344190962612629,10,0.0
hard-clutter,mujoco,,0.01,0.1,1,1.0,7.133342092856765,10,0.0
hard-clutter,mujoco,,0.01,0.1,1,1.1,6.893079029396176,10,0.0
hard-clutter,mujoco,,0.01,0.1,1,1.2000000000000002,7.565324893221259,10,0.0
hard-clutter,mujoco,,0.01,0.1,1,1.3,8.161135017871857,10,0.0
hard-clutter,mujoco,,0.01,0.1,1,1.4000000000000001,6.828080862760544,10,0.0
hard-clutter,mujoco,,0.01,0.1,1,1.5,7.628809893503785,10,0.0
hard-clutter,mujoco,,0.01,0.1,1,1.6,7.253804011270404,10,0.0
hard-clutter,mujoco,,0.01,0.1,1,1.7000000000000002,7.636982947587967,10,0.0
hard-clutter,mujoco,,0.01,0.1,1,1.8,8.216508897021413,10,0.0
hard-clutter,mujoco,,0.01,0.1,1,1.9000000000000001,8.524565026164055,10,0.0
hard-clutter,mujoco,,0.01,0.1,1,2.0,7.815142162144184,10,0.0
hard-clutter,mujoco,,0.01,0.1,1,2.1,7.929826155304909,10,0.0
hard-clutter,mujoco,,0.01,0.1,1,2.2,7.940011098980904,10,0.0
hard-clutter,mujoco,,0.01,0.1,1,2.3000000000000003,8.351783966645598,10,0.0
hard-clutter,mujoco,,0.01,0.1,1,2.4000000000000004,9.065371938049793,10,0.0
hard-clutter,mujoco,,0.01,0.1,1,2.5,8.541169809177518,10,0.0
hard-clutter,mujoco,,0.01,0.1,1,2.6,7.987152086570859,10,0.0
hard-clutter,mujoco,,0.01,0.1,1,2.7,9.417593944817781,10,0.0
hard-clutter,mujoco,,0.01,0.1,1,2.8000000000000003,9.360238211229444,10,0.0
hard-clutter,mujoco,,0.01,0.1,1,2.9000000000000004,8.768402971327305,10,0.0
hard-clutter,mujoco,,0.01,0.1,1,3.0,8.489992935210466,10,0.0
hard-clutter,mujoco,,0.01,0.1,1,3.1,7.731266086921096,10,0.0
hard-clutter,mujoco,,0.01,0.1,1,3.2,8.198902942240238,10,0.0
hard-clutter,mujoco,,0.01,0.1,1,3.3000000000000003,8.341938955709338,10,0.0
hard-clutter,mujoco,,0.01,0.1,1,3.4000000000000004,8.436412084847689,10,0.0
hard-clutter,mujoco,,0.01,0.1,1,3.5,8.409681031480432,10,0.0
hard-clutter,mujoco,,0.01,0.1,1,3.6,8.068996015936136,10,0.0
hard-clutter,mujoco,,0.01,0.1,1,3.7,7.970717968419194,10,0.0
hard-clutter,mujoco,,0.01,0.1,1,3.8000000000000003,8.698848076164722,10,0.0
hard-clutter,mujoco,,0.01,0.1,1,3.9000000000000004,9.063509991392493,10,0.0
hard-clutter,mujoco,,0.01,0.1,1,4.0,8.408930152654648,10,0.0
hard-clutter,mujoco,,0.01,0.1,1,4.1000000000000005,7.950336206704378,10,0.0
hard-clutter,mujoco,,0.01,0.1,1,4.2,7.833450101315975,10,0.0
hard-clutter,mujoco,,0.01,0.1,1,4.3,8.747621905058622,10,0.0
hard-clutter,mujoco,,0.01,0.1,1,4.4,8.325213100761175,10,0.0
hard-clutter,mujoco,,0.01,0.1,1,4.5,9.075428126379848,10,0.0
hard-clutter,mujoco,,0.01,0.1,1,4.6000000000000005,7.653246866539121,10,0.0
hard-clutter,mujoco,,0.01,0.1,1,4.7,8.200144162401557,10,0.0
hard-clutter,mujoco,,0.01,0.1,1,4.800000000000001,8.091639960184693,10,0.0
hard-clutter,mujoco,,0.01,0.1,1,4.9,8.487829007208347,10,0.0
hard-clutter,mujoco,,0.001,0.1,1,0.2,68.5709142126143,100,0.0
hard-clutter,mujoco,,0.001,0.1,1,0.30000000000000004,68.75728513114154,100,0.0
hard-clutter,mujoco,,0.001,0.1,1,0.4,75.51894499920309,100,0.0
hard-clutter,mujoco,,0.001,0.1,1,0.5,75.70130983367562,100,0.0
hard-clutter,mujoco,,0.001,0.1,1,0.6000000000000001,74.89469205029309,100,0.0
hard-clutter,mujoco,,0.001,0.1,1,0.7000000000000001,76.53033290989697,100,0.0
hard-clutter,mujoco,,0.001,0.1,1,0.8,74.32149583473802,100,0.0
hard-clutter,mujoco,,0.001,0.1,1,0.9,74.85818606801331,100,0.0
hard-clutter,mujoco,,0.001,0.1,1,1.0,74.9558040406555,100,0.0
hard-clutter,mujoco,,0.001,0.1,1,1.1,76.59129495732486,100,0.0
hard-clutter,mujoco,,0.001,0.1,1,1.2000000000000002,78.25778494589031,100,0.0
hard-clutter,mujoco,,0.001,0.1,1,1.3,81.3870441634208,100,0.0
hard-clutter,mujoco,,0.001,0.1,1,1.4000000000000001,78.96140799857676,100,0.0
hard-clutter,mujoco,,0.001,0.1,1,1.5,80.83656197413802,100,0.0
hard-clutter,mujoco,,0.001,0.1,1,1.6,77.48173084110022,100,0.0
hard-clutter,mujoco,,0.001,0.1,1,1.7000000000000002,78.06644611991942,100,0.0
hard-clutter,mujoco,,0.001,0.1,1,1.8,77.51664496026933,100,0.0
hard-clutter,mujoco,,0.001,0.1,1,1.9000000000000001,80.86689910851419,100,0.0
hard-clutter,mujoco,,0.001,0.1,1,2.0,75.51265507936478,100,0.0
hard-clutter,mujoco,,0.001,0.1,1,2.1,74.36396996490657,100,0.0
hard-clutter,mujoco,,0.001,0.1,1,2.2,75.20803483203053,100,0.0
hard-clutter,mujoco,,0.001,0.1,1,2.3000000000000003,75.19137999042869,100,0.0
hard-clutter,mujoco,,0.001,0.1,1,2.4000000000000004,72.58930709213018,100,0.0
hard-clutter,mujoco,,0.001,0.1,1,2.5,71.0767509881407,100,0.0
hard-clutter,mujoco,,0.001,0.1,1,2.6,64.28443500772119,100,0.0
hard-clutter,mujoco,,0.001,0.1,1,2.7,64.12032688967884,100,0.0
hard-clutter,mujoco,,0.001,0.1,1,2.8000000000000003,63.555371947586536,100,0.0
hard-clutter,mujoco,,0.001,0.1,1,2.9000000000000004,66.4729718118906,100,0.0
hard-clutter,mujoco,,0.001,0.1,1,3.0,63.18048597313464,100,0.0
hard-clutter,mujoco,,0.001,0.1,1,3.1,65.81757194362581,100,0.0
hard-clutter,mujoco,,0.001,0.1,1,3.2,69.19950316660106,100,0.0
hard-clutter,mujoco,,0.001,0.1,1,3.3000000000000003,69.21424600295722,100,0.0
hard-clutter,mujoco,,0.001,0.1,1,3.4000000000000004,70.68132283166051,100,0.0
hard-clutter,mujoco,,0.001,0.1,1,3.5,70.25288604199886,100,0.0
hard-clutter,mujoco,,0.001,0.1,1,3.6,71.19563012383878,100,0.0
hard-clutter,mujoco,,0.001,0.1,1,3.7,62.61113611981273,100,0.0
hard-clutter,mujoco,,0.001,0.1,1,3.8000000000000003,61.43789202906191,100,0.0
hard-clutter,mujoco,,0.001,0.1,1,3.9000000000000004,60.947380028665066,100,0.0
hard-clutter,mujoco,,0.001,0.1,1,4.0,59.10738999955356,100,0.0
hard-clutter,mujoco,,0.001,0.1,1,4.1000000000000005,60.42174599133432,100,0.0
hard-clutter,mujoco,,0.001,0.1,1,4.2,62.90755281224847,100,0.0
hard-clutter,mujoco,,0.001,0.1,1,4.3,60.0157929584384,100,0.0
hard-clutter,mujoco,,0.001,0.1,1,4.4,59.28520788438618,100,0.0
hard-clutter,mujoco,,0.001,0.1,1,4.5,62.02877499163151,100,0.0
hard-clutter,mujoco,,0.001,0.1,1,4.6000000000000005,62.32131691649556,100,0.0
hard-clutter,mujoco,,0.001,0.1,1,4.7,63.920203130692244,100,0.0
hard-clutter,mujoco,,0.001,0.1,1,4.800000000000001,60.82738912664354,100,0.0
hard-clutter,mujoco,,0.001,0.1,1,4.9,63.71097802184522,100,0.0
hard-clutter,mujoco-adaptive,0.001,,0.1,1,0.2,343.69636909104884,194,0.0
hard-clutter,mujoco-adaptive,0.001,,0.1,1,0.30000000000000004,247.55354109220207,138,0.0
hard-clutter,mujoco-adaptive,0.001,,0.1,1,0.4,218.2069851551205,108,0.0
hard-clutter,mujoco-adaptive,0.001,,0.1,1,0.5,145.7791819702834,67,0.0
hard-clutter,mujoco-adaptive,0.001,,0.1,1,0.6000000000000001,62.20391998067498,30,0.0
hard-clutter,mujoco-adaptive,0.001,,0.1,1,0.7000000000000001,46.34918598458171,24,0.0
hard-clutter,mujoco-adaptive,0.001,,0.1,1,0.8,31.687965150922537,17,0.0
hard-clutter,mujoco-adaptive,0.001,,0.1,1,0.9,40.52221798337996,21,0.0
hard-clutter,mujoco-adaptive,0.001,,0.1,1,1.0,29.787423089146614,16,0.0
hard-clutter,mujoco-adaptive,0.001,,0.1,1,1.1,29.717436991631985,16,0.0
hard-clutter,mujoco-adaptive,0.001,,0.1,1,1.2000000000000002,36.357562988996506,19,0.0
hard-clutter,mujoco-adaptive,0.001,,0.1,1,1.3,39.86888099461794,21,0.0
hard-clutter,mujoco-adaptive,0.001,,0.1,1,1.4000000000000001,70.23910386487842,35,0.0
hard-clutter,mujoco-adaptive,0.001,,0.1,1,1.5,66.72982103191316,32,0.0
hard-clutter,mujoco-adaptive,0.001,,0.1,1,1.6,17.15329708531499,10,0.0
hard-clutter,mujoco-adaptive,0.001,,0.1,1,1.7000000000000002,42.52489493228495,21,0.0
hard-clutter,mujoco-adaptive,0.001,,0.1,1,1.8,38.241510977968574,20,0.0
hard-clutter,mujoco-adaptive,0.001,,0.1,1,1.9000000000000001,27.518102899193764,15,0.0
hard-clutter,mujoco-adaptive,0.001,,0.1,1,2.0,30.059423996135592,16,0.0
hard-clutter,mujoco-adaptive,0.001,,0.1,1,2.1,28.884708881378174,16,0.0
hard-clutter,mujoco-adaptive,0.001,,0.1,1,2.2,23.566590156406164,13,0.0
hard-clutter,mujoco-adaptive,0.001,,0.1,1,2.3000000000000003,40.613315999507904,20,0.0
hard-clutter,mujoco-adaptive,0.001,,0.1,1,2.4000000000000004,13.974803034216166,8,0.0
hard-clutter,mujoco-adaptive,0.001,,0.1,1,2.5,23.49175699055195,12,0.0
hard-clutter,mujoco-adaptive,0.001,,0.1,1,2.6,18.80528382025659,11,0.0
hard-clutter,mujoco-adaptive,0.001,,0.1,1,2.7,22.77430286630988,12,0.0
hard-clutter,mujoco-adaptive,0.001,,0.1,1,2.8000000000000003,20.07184806279838,11,0.0
hard-clutter,mujoco-adaptive,0.001,,0.1,1,2.9000000000000004,25.003843009471893,13,0.0
hard-clutter,mujoco-adaptive,0.001,,0.1,1,3.0,25.934579083696008,13,0.0
hard-clutter,mujoco-adaptive,0.001,,0.1,1,3.1,20.657774060964584,11,0.0
hard-clutter,mujoco-adaptive,0.001,,0.1,1,3.2,32.61977410875261,17,0.0
hard-clutter,mujoco-adaptive,0.001,,0.1,1,3.3000000000000003,35.42407206259668,19,0.0
hard-clutter,mujoco-adaptive,0.001,,0.1,1,3.4000000000000004,33.33377302624285,18,0.0
hard-clutter,mujoco-adaptive,0.001,,0.1,1,3.5,39.82878988608718,20,0.0
hard-clutter,mujoco-adaptive,0.001,,0.1,1,3.6,46.739315846934915,22,0.0
hard-clutter,mujoco-adaptive,0.001,,0.1,1,3.7,82.58176012896001,38,0.0
hard-clutter,mujoco-adaptive,0.001,,0.1,1,3.8000000000000003,31.29839594475925,17,0.0
hard-clutter,mujoco-adaptive,0.001,,0.1,1,3.9000000000000004,32.8408379573375,16,0.0
hard-clutter,mujoco-adaptive,0.001,,0.1,1,4.0,39.76408205926418,20,0.0
hard-clutter,mujoco-adaptive,0.001,,0.1,1,4.1000000000000005,21.07799891382456,12,0.0
hard-clutter,mujoco-adaptive,0.001,,0.1,1,4.2,25.608777068555355,14,0.0
hard-clutter,mujoco-adaptive,0.001,,0.1,1,4.3,24.50864389538765,14,0.0
hard-clutter,mujoco-adaptive,0.001,,0.1,1,4.4,21.227535093203187,12,0.0
hard-clutter,mujoco-adaptive,0.001,,0.1,1,4.5,24.37944896519184,14,0.0
hard-clutter,mujoco-adaptive,0.001,,0.1,1,4.6000000000000005,33.31064898520708,18,0.0
hard-clutter,mujoco-adaptive,0.001,,0.1,1,4.7,30.44747095555067,16,0.0
hard-clutter,mujoco-adaptive,0.001,,0.1,1,4.800000000000001,28.453215956687927,15,0.0
hard-clutter,mujoco-adaptive,0.001,,0.1,1,4.9,18.597218906506896,11,0.0
